"name","status","distance_m","overlap_fraction","api_name"
"Digitale bodemkaart van het Vlaams Gewest: bodemtypes",1,"0","1","{""gid"": 9245, ""Fase"": null, ""Type"": null, ""Serie"": null, ""Streek"": ""Kempen"", ""codeid"": 1471, ""Subtype"": null, ""Subserie"": null, ""Bodemtype"": ""Segz"", ""Fase_code"": null, ""Type_code"": null, ""Bodemserie"": ""Seg"", ""Serie_code"": null, ""Kaartbladnr"": ""15E"", ""Streek_code"": null, ""Subtype_code"": null, ""Unibodemtype"": ""Segz"", ""id_kaartvlak"": 9245, ""Subserie_code"": null, ""Textuurklasse"": ""lemig zand"", ""Drainageklasse"": ""nat, sterk gleyig met reductiehorizont"", ""Substraat_code"": null, ""Substraat_legende"": null, ""Eenduidige_legende"": ""Deze natte grondwatergronden met reductiehorizont hebben allen gemeenschappelijke draineringskenmerken met roestverschijnselen welke zich aftekenen inhet benedengedeelte van de humeuze bovengrond en een blauwgrijs reductie horizontwelke begint tussen 100 en 120 cm diepte. Het zijn derhalve permanent natte bodems met winterwaterstand nabij het maaiveld (20-30 cm) en zomerwaterstand rond de 100 cm diepte. Soms zijn ze enkele weken overstroomt in de winter. Deze natte depressie- en beekvalleigronden zijn goed voor weiland. Mits rationele ontwatering en drainering kunnen ze voor akkerland in aanmerking komen voor de verbouwing van zomergewassen. Ze zijn ongeschikt voor tuinbouw. De productiviteit hangt nauw samen met de dikte van de humeuze bovengrond. De bodems met dunne humeuze bovengrond liggen onder bos (naaldhout en eik); de betere gronden ( . . . 3 ) met dikke humeuze bovengrond worden als landbouwgrond uitgebaat, vooral weide. In deze reeks bodems liggen deze zonder profielontwikkeling iets lager en zijn daarom moeilijker te ontwateren. Voor bosbouw lijken ze iets te nat voor Pinus sylvesteris; meer aangepaste naaldhoutsoorten zijn Picea excelsa, Picea sitkaensis en Larix leptoletis."", ""Textuurklasse_code"": ""S"", ""Type_classificatie"": ""Rest van Vlaanderen"", ""Drainageklasse_code"": ""e"", ""Scan_bodemkaart5000"": ""https://datasets.omgeving.vlaanderen.be/be.vlaanderen.omgeving.distribution.geo.8248c032-8555-4ada-89f8-51028634fe9c.DOV_Bodem_Bodemkaart_Scans_basisbodemkartering_015E_Kapellen-5000_zip"", ""Bodemtype_per_streek"": ""Segz-K"", ""Substraat_Vlaanderen"": null, ""Substraat_zeepolders"": null, ""Scan_stippenkaart5000"": ""https://datasets.omgeving.vlaanderen.be/be.vlaanderen.omgeving.distribution.geo.8248c032-8555-4ada-89f8-51028634fe9c.DOV_Bodem_Bodemkaart_Scans_boorpunten_bodemkartering_015E_Kapellen-stippenkaarten_zip"", ""Scan_toelichtingsboekje"": ""https://datasets.omgeving.vlaanderen.be/be.vlaanderen.omgeving.distribution.geo.8248c032-8555-4ada-89f8-51028634fe9c.DOV_Bodem_Bodemkaart_Scan_Toelichtingsboekje_015E_Kapellen_pdf"", ""Eenduidige_legende_titel"": ""bodemseries \""Se.\"" in de Kempen"", ""Gegeneraliseerde_legende"": ""Nat zand"", ""Profielontwikkelingsgroep"": ""met duidelijke ijzer en/of humus B horizont"", ""Substraat_code_zeepolders"": null, ""Scan_analoge_bodemkaarblad"": ""https://datasets.omgeving.vlaanderen.be/be.vlaanderen.omgeving.distribution.geo.8248c032-8555-4ada-89f8-51028634fe9c.DOV_Bodem_Bodemkaart_Scan_origineel_kaartblad_bodemkaart_015E_SCAN_KBL_pdf"", ""Profielontwikkelingsgroep_code"": ""g"", ""Beknopte_omschrijving_bodemserie"": ""Natte lemig zandbodem met duidelijke ijzer en/of humus B horizont"", ""Variante_van_het_moedermateriaal"": ""sedimenten worden lichter of grover in de diepte"", ""Variante_van_de_profielontwikkeling"": null, ""Variante_van_het_moedermateriaal_code"": ""z"", ""Variante_van_de_profielontwikkeling_code"": null}"
"Digitale bodemkaart van het Vlaams Gewest: bodemtypes",1,"36.94673153297062","0","{""gid"": 9302, ""Fase"": null, ""Type"": ""bebouwde zones"", ""Serie"": ""kunstmatige gronden"", ""Streek"": ""Kunstmatige gronden"", ""codeid"": 706, ""Subtype"": null, ""Subserie"": null, ""Bodemtype"": ""OB"", ""Fase_code"": null, ""Type_code"": ""B"", ""Bodemserie"": ""OB"", ""Serie_code"": ""O"", ""Kaartbladnr"": ""15E"", ""Streek_code"": null, ""Subtype_code"": null, ""Unibodemtype"": ""OB"", ""id_kaartvlak"": 9302, ""Subserie_code"": null, ""Textuurklasse"": null, ""Drainageklasse"": null, ""Substraat_code"": null, ""Substraat_legende"": null, ""Eenduidige_legende"": ""Soms wordt het bodemprofiel door het ingrijpen van de mens gewijzigd of vernietigd (kunstmatige gronden). De bodems in de bebouwde zone (OB) zijn daar een voorbeeld van."", ""Textuurklasse_code"": null, ""Type_classificatie"": ""Zeepolders"", ""Drainageklasse_code"": null, ""Scan_bodemkaart5000"": ""https://datasets.omgeving.vlaanderen.be/be.vlaanderen.omgeving.distribution.geo.8248c032-8555-4ada-89f8-51028634fe9c.DOV_Bodem_Bodemkaart_Scans_basisbodemkartering_015E_Kapellen-5000_zip"", ""Bodemtype_per_streek"": ""OB-KUNST"", ""Substraat_Vlaanderen"": null, ""Substraat_zeepolders"": null, ""Scan_stippenkaart5000"": ""https://datasets.omgeving.vlaanderen.be/be.vlaanderen.omgeving.distribution.geo.8248c032-8555-4ada-89f8-51028634fe9c.DOV_Bodem_Bodemkaart_Scans_boorpunten_bodemkartering_015E_Kapellen-stippenkaarten_zip"", ""Scan_toelichtingsboekje"": ""https://datasets.omgeving.vlaanderen.be/be.vlaanderen.omgeving.distribution.geo.8248c032-8555-4ada-89f8-51028634fe9c.DOV_Bodem_Bodemkaart_Scan_Toelichtingsboekje_015E_Kapellen_pdf"", ""Eenduidige_legende_titel"": ""bodemserie OB"", ""Gegeneraliseerde_legende"": ""Antropogeen"", ""Profielontwikkelingsgroep"": null, ""Substraat_code_zeepolders"": null, ""Scan_analoge_bodemkaarblad"": ""https://datasets.omgeving.vlaanderen.be/be.vlaanderen.omgeving.distribution.geo.8248c032-8555-4ada-89f8-51028634fe9c.DOV_Bodem_Bodemkaart_Scan_origineel_kaartblad_bodemkaart_015E_SCAN_KBL_pdf"", ""Profielontwikkelingsgroep_code"": null, ""Beknopte_omschrijving_bodemserie"": ""Bebouwde zones"", ""Variante_van_het_moedermateriaal"": null, ""Variante_van_de_profielontwikkeling"": null, ""Variante_van_het_moedermateriaal_code"": null, ""Variante_van_de_profielontwikkeling_code"": null}"
"Mobiscore per ha",1,"0","1","{""Geeft_per_ha-cel_de_totale_mobiscore_tussen_0_en_10_weer"": 7.759283065795898}"
"BPA",3,NULL,NULL,NULL
"Gewestelijk RUP",3,NULL,NULL,NULL
"Overstromingsgebieden",3,NULL,NULL,NULL
"Overstromingsgevoelige gebieden - fluviaal",3,NULL,NULL,NULL
"Digitale bodemkaart van het Vlaams Gewest: fasen",3,NULL,NULL,NULL
"Digitale bodemkaart van het Vlaams Gewest: substraten",3,NULL,NULL,NULL
"Digitale bodemkaart van het Vlaams Gewest: varianten van de profielontwikkeling",3,NULL,NULL,NULL
"Landschappelijk erfgoed",3,NULL,NULL,NULL
"Overstromingsgevoelige gebieden - pluviaal",1,"7.344501923274946","0","{""id"": 909815, ""score"": ""B"", ""gridcode"": 1, ""shape_area"": 6634.23600341, ""shape_leng"": 1708.75868198}"
"Overstromingsgevoelige gebieden - pluviaal",1,"11.37715811846888","0","{""id"": 904522, ""score"": ""B"", ""gridcode"": 1, ""shape_area"": 10.2216265347, ""shape_leng"": 12.7885223342}"
"Overstromingsgevoelige gebieden - pluviaal",1,"12.138526297284734","0","{""id"": 906827, ""score"": ""B"", ""gridcode"": 1, ""shape_area"": 30.6647189784, ""shape_leng"": 25.5938446305}"
"Overstromingsgevoelige gebieden - pluviaal",1,"11.538113836455745","0","{""id"": 905526, ""score"": ""B"", ""gridcode"": 1, ""shape_area"": 20.4429329458, ""shape_leng"": 19.1910333959}"
"Overstromingsgevoelige gebieden - pluviaal",1,"16.277127525019367","0","{""id"": 907304, ""score"": ""B"", ""gridcode"": 1, ""shape_area"": 20.4429335339, ""shape_leng"": 19.1742337938}"
"Overstromingsgevoelige gebieden - pluviaal",1,"22.916059040745544","0","{""id"": 901869, ""score"": ""B"", ""gridcode"": 1, ""shape_area"": 10.2219458351, ""shape_leng"": 12.7887223372}"
"Overstromingsgevoelige gebieden - pluviaal",1,"20.583471897379294","0","{""id"": 907576, ""score"": ""B"", ""gridcode"": 1, ""shape_area"": 10.2216255197, ""shape_leng"": 12.788521962}"
"Overstromingsgevoelige gebieden - pluviaal",1,"19.28061216277138","0","{""id"": 907829, ""score"": ""B"", ""gridcode"": 1, ""shape_area"": 20.4432525056, ""shape_leng"": 19.1743336008}"
"Overstromingsgevoelige gebieden - pluviaal",1,"3.3445019232749478","0","{""id"": 931555, ""score"": ""C"", ""gridcode"": 2, ""shape_area"": 4814.21995204, ""shape_leng"": 1785.6671196}"
"Overstromingsgevoelige gebieden - pluviaal",1,"17.733236815736554","0","{""id"": 908082, ""score"": ""B"", ""gridcode"": 1, ""shape_area"": 10.221466767, ""shape_leng"": 12.7884225185}"
"Overstromingsgevoelige gebieden - pluviaal",1,"5.711469677354419","0","{""id"": 903603, ""score"": ""B"", ""gridcode"": 1, ""shape_area"": 10.2217858874, ""shape_leng"": 12.7886221493}"
"Overstromingsgevoelige gebieden - pluviaal",1,"9.255330187642633","0","{""id"": 903109, ""score"": ""B"", ""gridcode"": 1, ""shape_area"": 10.221466767, ""shape_leng"": 12.7884225185}"
"Overstromingsgevoelige gebieden - pluviaal",1,"3.3800336115822653","0","{""id"": 904993, ""score"": ""B"", ""gridcode"": 1, ""shape_area"": 30.6643997306, ""shape_leng"": 25.5936446424}"
"Overstromingsgevoelige gebieden - pluviaal",1,"3.5946774929610603","0","{""id"": 906828, ""score"": ""B"", ""gridcode"": 1, ""shape_area"": 61.3291192734, ""shape_leng"": 44.8016783672}"
"Overstromingsgevoelige gebieden - pluviaal",1,"1.484748841261996","0","{""id"": 904067, ""score"": ""B"", ""gridcode"": 1, ""shape_area"": 20.4429335458, ""shape_leng"": 19.1910337692}"
"Digitale bodemkaart van het Vlaams Gewest: varianten van het moedermateriaal",1,"0","1","{""gid"": 9245, ""id_kaartvlak"": 9245, ""Variante_van_het_moedermateriaal"": ""sedimenten worden lichter of grover in de diepte"", ""Variante_van_het_moedermateriaal_code"": ""z""}"
"Ontginningen",3,NULL,NULL,NULL
"Watergevoelige openruimtegebieden - Contouren",3,NULL,NULL,NULL
"Gemeentelijke stedenbouwkundige verordeningen",1,"0","1","{""id"": ""252f088f-f42d-46ae-b583-4f2904ad6dea"", ""opm"": """", ""d_bs"": null, ""fase"": ""ADV"", ""naam"": ""Deels opheffen bouwverordening inzake aanbrengen van afschermingen en publiciteit, vellen of rooien van bomen, aanbrengen van schotelantennes en aanleg opritten."", ""d_ond"": ""2013-10-26"", ""aard_ond"": """", ""do_eigen"": ""deels opheffen bouwverordening"", ""prec_ond"": 1, ""algplanid"": ""SVO_11008_233_00004_00001"", ""fasedatum"": ""2025-04-14"", ""fichelink"": ""https://dsi.omgeving.vlaanderen.be/fiche-detail/a6784dde-7043-424f-b25a-287410440376"", ""ondergrond"": ""GRB"", ""dossiertype"": ""gemSVO"", ""geometrie_omtrek"": 28150.969210938405, ""herinterpretatie"": false, ""geometrie_oppervlakte"": 38577175.46612437}"
"Gemeentelijke stedenbouwkundige verordeningen",1,"0","1","{""id"": ""70fda43a-a612-4b88-a22f-cccd4484aaab"", ""opm"": null, ""d_bs"": ""2015-01-12"", ""fase"": ""BG"", ""naam"": ""Wijziging Gemeentelijke stedenbouwkundige verordening inzake lozingen en de verplichte aansluiting van de afvoer van huishoudelijk afvalwater op de openbare riool en de afkoppeling van hemelwater, plaatsen van individuele zuiveringsinstallaties"", ""d_ond"": ""2013-10-26"", ""aard_ond"": null, ""do_eigen"": ""Wijziging verordening inzake afvoer water"", ""prec_ond"": 1, ""algplanid"": ""SVO_11008_233_00001_00002"", ""fasedatum"": ""2014-09-25"", ""fichelink"": ""https://dsi.omgeving.vlaanderen.be/fiche-detail/7f99986a-9bde-432a-8fa0-79b09cb4c9ad"", ""ondergrond"": ""GRB"", ""dossiertype"": ""gemSVO"", ""geometrie_omtrek"": 28150.969210938405, ""herinterpretatie"": true, ""geometrie_oppervlakte"": 38577175.46612437}"
"Gemeentelijke stedenbouwkundige verordeningen",1,"0","1","{""id"": ""eae06db4-4705-4ecc-8958-537ed6defd64"", ""opm"": """", ""d_bs"": ""2023-12-01"", ""fase"": ""DV"", ""naam"": ""Derde wijziging gemeentelijke stedenbouwkundige verordening op het aanleggen van parkeerplaatsen buiten de openbare weg"", ""d_ond"": ""2022-07-02"", ""aard_ond"": """", ""do_eigen"": ""Parkeerverordening: 3de herziening"", ""prec_ond"": 1, ""algplanid"": ""SVO_11008_233_00003_00004"", ""fasedatum"": ""2023-09-25"", ""fichelink"": ""https://dsi.omgeving.vlaanderen.be/fiche-detail/5db6ca26-ec13-4d94-9e47-296fa66fc3f2"", ""ondergrond"": ""GRB"", ""dossiertype"": ""gemSVO"", ""geometrie_omtrek"": 27695.959252186316, ""herinterpretatie"": false, ""geometrie_oppervlakte"": 38608192.72591203}"
"Gemeentelijke stedenbouwkundige verordeningen",1,"0","1","{""id"": ""468edd80-b004-4d0b-8dca-b79e229f01cb"", ""opm"": """", ""d_bs"": ""2024-07-04"", ""fase"": ""DV"", ""naam"": ""Opheffing gemeentelijke hemelwaterverordening 2014"", ""d_ond"": ""2013-10-26"", ""aard_ond"": """", ""do_eigen"": ""Opheffing gemeentelijke hemelwaterverordening 2014"", ""prec_ond"": 1, ""algplanid"": ""SVO_11008_233_00001_00003"", ""fasedatum"": ""2024-04-29"", ""fichelink"": ""https://dsi.omgeving.vlaanderen.be/fiche-detail/22484a7a-a256-407a-a6b7-6e6886cad39f"", ""ondergrond"": ""GRB"", ""dossiertype"": ""gemSVO"", ""geometrie_omtrek"": 28150.969210938405, ""herinterpretatie"": false, ""geometrie_oppervlakte"": 38577175.46612437}"
"Gemeentelijke stedenbouwkundige verordeningen",1,"0","1","{""id"": ""e421ba49-3df1-4fc5-bdd2-e9b2725782e2"", ""opm"": """", ""d_bs"": ""2025-12-01"", ""fase"": ""ADV"", ""naam"": ""Verordening lasten"", ""d_ond"": ""2013-10-26"", ""aard_ond"": """", ""do_eigen"": ""verordening lasten"", ""prec_ond"": 1, ""algplanid"": ""SVO_11008_233_00005_00001"", ""fasedatum"": ""2025-10-27"", ""fichelink"": ""https://dsi.omgeving.vlaanderen.be/fiche-detail/44bc8039-dd13-48c9-a628-6763254887d2"", ""ondergrond"": ""GRB"", ""dossiertype"": ""gemSVO"", ""geometrie_omtrek"": 28150.969210938405, ""herinterpretatie"": false, ""geometrie_oppervlakte"": 38577175.46612437}"
"Provinciale stedenbouwkundige verordeningen",3,NULL,NULL,NULL
"Gewestelijke bouwverordening",1,"0","1","{""id"": ""10c44589-1d11-4c7f-819b-49ef3b46a143"", ""opm"": ""de verordening is van toepassing op het grondgebied van het ganse gewest."", ""d_bs"": ""1997-05-07"", ""fase"": ""BG"", ""naam"": ""Algemene bouwverordening inzake wegen voor voetgangersverkeer"", ""d_ond"": ""1900-01-01"", ""aard_ond"": ""nvt"", ""do_eigen"": null, ""prec_ond"": 20, ""algplanid"": ""BVO_02000_231_00001_00001"", ""fasedatum"": ""1997-04-29"", ""fichelink"": ""https://dsi.omgeving.vlaanderen.be/fiche-detail/681cad40-f9bc-48ae-906c-831b18f8e366"", ""ondergrond"": ""ANDERE"", ""dossiertype"": ""gewBVO"", ""geometrie_omtrek"": 1103356.223933912, ""herinterpretatie"": false, ""geometrie_oppervlakte"": 13597097379.565557}"
"Permanente graslanden",3,NULL,NULL,NULL
"Poldergraslanden",3,NULL,NULL,NULL
"Biologische waarderingskaart & natura 2000",1,"0","1","{""V1"": """", ""V2"": """", ""V3"": """", ""TAG"": ""639999_v2023"", ""EVAL"": ""m"", ""HAB1"": ""gh"", ""HAB2"": """", ""HAB3"": """", ""HAB4"": """", ""HAB5"": """", ""HERK"": ""15o"", ""INFO"": """", ""OIDN"": 878884, ""UIDN"": 1459387, ""EENH1"": ""ua"", ""EENH2"": """", ""EENH3"": """", ""EENH4"": """", ""EENH5"": """", ""EENH6"": """", ""EENH7"": """", ""EENH8"": """", ""PHAB1"": 100, ""PHAB2"": 0, ""PHAB3"": 0, ""PHAB4"": 0, ""PHAB5"": 0, ""HERKHAB"": ""a"", ""BWKLABEL"": ""ua"", ""HERKPHAB"": ""a"", ""HABLEGENDE"": ""gh""}"
"Spoorweginfrastructuur",3,NULL,NULL,NULL
"Sigmaplan – natuurontwikkelingsgebieden",3,NULL,NULL,NULL
"Gemeentelijke bouwverordening",1,"0","1","{""id"": ""4c88bf3f-e438-4fbf-b03d-7b92eda67e27"", ""opm"": null, ""d_bs"": ""1996-11-08"", ""fase"": ""BG"", ""naam"": ""Bouwverordening inzake aanbrengen van afschermingen en publiciteit, vellen of rooien van bomen, aanbrengen van schotelantennes en aanleg opritten."", ""d_ond"": ""2015-12-23"", ""aard_ond"": null, ""do_eigen"": ""bouwverordening Brasschaat"", ""prec_ond"": 1, ""algplanid"": ""BVO_11008_231_00001_00001"", ""fasedatum"": ""1996-08-26"", ""fichelink"": ""https://dsi.omgeving.vlaanderen.be/fiche-detail/f090d3b4-a2a8-43f3-9dc8-e85cc6611ac2"", ""ondergrond"": ""GRB"", ""dossiertype"": ""gemBVO"", ""geometrie_omtrek"": 28150.969210938405, ""herinterpretatie"": false, ""geometrie_oppervlakte"": 38577175.46612437}"
"Provinciaal RUP – contouren",3,NULL,NULL,NULL
"Indicatieve lijnen ruimtelijke plannen",3,NULL,NULL,NULL
"Ruimtelijke plannen – punten",3,NULL,NULL,NULL
"Bodemverontreinigingszones",1,"0","0.242","{""id"": 2510, ""datum_mbv"": null, ""dossier_id"": 24151, ""datum_evrsch"": ""2012-06-15"", ""datum_mschade"": null, ""datum_vschade"": null, ""opdrachtid_mbv_meestrecent"": null, ""opdrachttype_hoogstconform"": ""Evaluatierapport schadegeval"", ""opdrachtid_evrsch_meestrecent"": 5437092, ""opdrachtid_mschade_meestrecent"": null, ""opdrachtid_vschade_meestrecent"": null}"
"Bestaand landgebruik",3,NULL,NULL,NULL
"Wegenregister",1,"27.527381436825696","0","{""objectId"": 477965, ""versieId"": ""2025-05-16 18:48:55.6735017"", ""wegbeheerder"": ""PARTIC"", ""wegcategorie"": ""lokale erftoegangsweg"", ""linkerstraatnaam"": """", ""wegsegmentstatus"": ""in gebruik"", ""eindknoopObjectId"": 896610, ""labelWegbeheerder"": ""Particulier, privaat persoon of instelling"", ""rechterstraatnaam"": """", ""toegangsbeperking"": ""openbare weg"", ""beginknoopObjectId"": 955929, ""morfologischeWegklasse"": ""weg bestaande uit één rijbaan"", ""linkerstraatnaamObjectId"": -9, ""rechterstraatnaamObjectId"": -9, ""methodeWegsegmentgeometrie"": ""ingemeten""}"
"Wegenregister",1,"4.076229083093047","0","{""objectId"": 527637, ""versieId"": ""2025-05-16 19:02:41.4440278"", ""wegbeheerder"": ""11008"", ""wegcategorie"": ""lokale erftoegangsweg"", ""linkerstraatnaam"": """", ""wegsegmentstatus"": ""in gebruik"", ""eindknoopObjectId"": 1055274, ""labelWegbeheerder"": ""Gemeente Brasschaat"", ""rechterstraatnaam"": """", ""toegangsbeperking"": ""openbare weg"", ""beginknoopObjectId"": 1034189, ""morfologischeWegklasse"": ""weg bestaande uit één rijbaan"", ""linkerstraatnaamObjectId"": -9, ""rechterstraatnaamObjectId"": -9, ""methodeWegsegmentgeometrie"": ""ingemeten""}"
"Wegenregister",1,"9.102758168428936","0","{""objectId"": 534198, ""versieId"": ""2025-05-16 19:01:52.9999797"", ""wegbeheerder"": ""11008"", ""wegcategorie"": ""lokale erftoegangsweg"", ""linkerstraatnaam"": ""Ploegsebaan"", ""wegsegmentstatus"": ""in gebruik"", ""eindknoopObjectId"": 1034189, ""labelWegbeheerder"": ""Gemeente Brasschaat"", ""rechterstraatnaam"": ""Ploegsebaan"", ""toegangsbeperking"": ""openbare weg"", ""beginknoopObjectId"": 896610, ""morfologischeWegklasse"": ""weg bestaande uit één rijbaan"", ""linkerstraatnaamObjectId"": 3955, ""rechterstraatnaamObjectId"": 3955, ""methodeWegsegmentgeometrie"": ""ingemeten""}"
"Wegenregister",1,"10.238116683260955","0","{""objectId"": 517095, ""versieId"": ""2025-05-16 18:59:11.4482642"", ""wegbeheerder"": ""11008"", ""wegcategorie"": ""lokale erftoegangsweg"", ""linkerstraatnaam"": ""Ploegsebaan"", ""wegsegmentstatus"": ""in gebruik"", ""eindknoopObjectId"": 1140026, ""labelWegbeheerder"": ""Gemeente Brasschaat"", ""rechterstraatnaam"": ""Ploegsebaan"", ""toegangsbeperking"": ""openbare weg"", ""beginknoopObjectId"": 1034189, ""morfologischeWegklasse"": ""weg bestaande uit één rijbaan"", ""linkerstraatnaamObjectId"": 3955, ""rechterstraatnaamObjectId"": 3955, ""methodeWegsegmentgeometrie"": ""ingemeten""}"
"Waterlopen",3,NULL,NULL,NULL
"Herbevestigde landbouw- en groengebieden",3,NULL,NULL,NULL
"UNESCO-kernzones",3,NULL,NULL,NULL
"UNESCO-bufferzones",3,NULL,NULL,NULL
"MER-dossiers – Mobiliteitsplannen",3,NULL,NULL,NULL
"Uitbreidingszones natuurreservaten",3,NULL,NULL,NULL
"RVV",3,NULL,NULL,NULL
"TAW",1,"0","1","{""height"": 15.96}"
"Provinciaal RUP",3,NULL,NULL,NULL
"Ruimtelijke plannen – lijnen",3,NULL,NULL,NULL
"Omgevingsloket - Stedenbouwkundige projecten",1,"17.12759668426456","0","{""id"": 201715, ""aanvrager"": ""Natuurlijk perso(o)n(en)"", ""project_link"": ""https://omgevingsloket.omgeving.vlaanderen.be?project=2019122569"", ""projectnummer"": ""2019122569"", ""voorwerp_uuid"": ""5bmhUmJvQfaAUlnHy4TgGA"", ""datum_indiening"": ""2019-10-01"", ""huidige_toestand"": ""Vergunning"", ""project_type_code"": ""OMV2019_AANVRAAG"", ""vvo_huidige_toestand"": ""Brasschaat"", ""fase_huidige_toestand"": ""Eerste Aanleg"", ""datum_huidige_toestand"": ""2019-11-04"", ""handeling_omschrijving"": ""Bomen vellen die geen deel uitmaken van een bos en/of bodemreliëf wijzigen"", ""omschrijving_projecttype"": ""Aanvraag omgevingsproject""}"
"Omgevingsloket - Stedenbouwkundige projecten",1,"0","1","{""id"": 382214, ""aanvrager"": ""Natuurlijk perso(o)n(en)"", ""project_link"": ""https://omgevingsloket.omgeving.vlaanderen.be?project=2021026317"", ""projectnummer"": ""2021026317"", ""voorwerp_uuid"": ""8uchkiqETJSBwk6rj_6C2A"", ""datum_indiening"": ""2021-07-07"", ""huidige_toestand"": ""Vergunning"", ""project_type_code"": ""OMV2019_AANVRAAG"", ""vvo_huidige_toestand"": ""Brasschaat"", ""fase_huidige_toestand"": ""Eerste Aanleg"", ""datum_huidige_toestand"": ""2021-09-27"", ""handeling_omschrijving"": ""Verbouwen en/of uitbreiden zonder functiewijziging en zonder wijziging van aantal woongelegenheden"", ""omschrijving_projecttype"": ""Aanvraag omgevingsproject""}"
"Omgevingsloket - Stedenbouwkundige projecten",1,"27.655372035701934","0","{""id"": 708495, ""aanvrager"": ""Natuurlijk perso(o)n(en)"", ""project_link"": ""https://omgevingsloket.omgeving.vlaanderen.be?project=2023128113"", ""projectnummer"": ""2023128113"", ""voorwerp_uuid"": ""jdTUVhY4RciXFyg2KKkJpQ"", ""datum_indiening"": ""2023-09-27"", ""huidige_toestand"": ""Vergunning"", ""project_type_code"": ""OMV2019_AANVRAAG"", ""vvo_huidige_toestand"": ""Brasschaat"", ""fase_huidige_toestand"": ""Eerste Aanleg"", ""datum_huidige_toestand"": ""2023-10-23"", ""handeling_omschrijving"": ""Hoogstammige bomen vellen die geen deel uitmaken van een bos"", ""omschrijving_projecttype"": ""Aanvraag omgevingsproject""}"
"Contouren ruimtelijke plannen",1,"0","1","{""id"": ""4f48fc1a-fb5a-4dad-8d3c-d37750a6a6db"", ""opm"": ""de verordening is van toepassing op het grondgebied van het ganse gewest."", ""d_bs"": ""2005-08-10"", ""fase"": ""BG"", ""naam"": ""Gewestelijke stedenbouwkundige verordening inzake openluchtrecreatieve verblijven en de inrichting van gebieden voor dergelijke verblijven"", ""d_ond"": ""1900-01-01"", ""aard_ond"": ""nvt"", ""do_eigen"": null, ""prec_ond"": 20, ""algplanid"": ""SVO_02000_233_00002_00001"", ""fasedatum"": ""2005-07-08"", ""fichelink"": ""https://dsi.omgeving.vlaanderen.be/fiche-detail/962f3d60-2042-4335-a136-98a9d6da5e3b"", ""ondergrond"": ""ANDERE"", ""dossiertype"": ""gewSVO"", ""geometrie_omtrek"": 1103356.223933912, ""herinterpretatie"": false, ""geometrie_oppervlakte"": 13597097379.565557}"
"Contouren ruimtelijke plannen",1,"0","1","{""id"": ""24eb0910-518c-4c70-9124-7d8015fd3a92"", ""opm"": """", ""d_bs"": ""2021-05-20"", ""fase"": ""GBS"", ""naam"": ""Gemeentelijk Ruimtelijk Uitvoeringsplan versnelde herziening RUP verbod op meergezinswonigen"", ""d_ond"": ""2021-01-25"", ""aard_ond"": """", ""do_eigen"": ""Herziening RUP 'Verbod op meergezinsgebouwen'"", ""prec_ond"": 1, ""algplanid"": ""HOV_11008_229_00013_00002"", ""fasedatum"": ""2021-01-25"", ""fichelink"": ""https://dsi.omgeving.vlaanderen.be/fiche-detail/65427023-4e4f-43db-bd45-b044e146317f"", ""ondergrond"": ""GRB"", ""dossiertype"": ""HOV"", ""geometrie_omtrek"": 177370.51015923373, ""herinterpretatie"": false, ""geometrie_oppervlakte"": 4717536.9149036985}"
"Contouren ruimtelijke plannen",1,"0","1","{""id"": ""5dd770f0-4390-4702-a5c7-9b9497214be2"", ""opm"": ""de verordening is van toepassing op het grondgebied van het ganse gewest."", ""d_bs"": ""2013-10-08"", ""fase"": ""BG"", ""naam"": ""OPGEHEVEN: Gewestelijke stedenbouwkundige verordening inzake hemelwaterputten, infiltratievoorzieningen, buffervoorzieningen en gescheiden lozing van afvalwater en hemelwater"", ""d_ond"": ""1900-01-01"", ""aard_ond"": ""nvt"", ""do_eigen"": null, ""prec_ond"": 20, ""algplanid"": ""SVO_02000_233_00004_00001"", ""fasedatum"": ""2013-07-05"", ""fichelink"": ""https://dsi.omgeving.vlaanderen.be/fiche-detail/5bc7ca95-7d3f-4bf6-9e10-980050de8010"", ""ondergrond"": ""ANDERE"", ""dossiertype"": ""gewSVO"", ""geometrie_omtrek"": 1103356.223933912, ""herinterpretatie"": false, ""geometrie_oppervlakte"": 13597097379.565582}"
"Contouren ruimtelijke plannen",1,"0","1","{""id"": ""eae06db4-4705-4ecc-8958-537ed6defd64"", ""opm"": """", ""d_bs"": ""2023-12-01"", ""fase"": ""DV"", ""naam"": ""Derde wijziging gemeentelijke stedenbouwkundige verordening op het aanleggen van parkeerplaatsen buiten de openbare weg"", ""d_ond"": ""2022-07-02"", ""aard_ond"": """", ""do_eigen"": ""Parkeerverordening: 3de herziening"", ""prec_ond"": 1, ""algplanid"": ""SVO_11008_233_00003_00004"", ""fasedatum"": ""2023-09-25"", ""fichelink"": ""https://dsi.omgeving.vlaanderen.be/fiche-detail/5db6ca26-ec13-4d94-9e47-296fa66fc3f2"", ""ondergrond"": ""GRB"", ""dossiertype"": ""gemSVO"", ""geometrie_omtrek"": 27695.959252186316, ""herinterpretatie"": false, ""geometrie_oppervlakte"": 38608192.72591203}"
"Contouren ruimtelijke plannen",1,"0","1","{""id"": ""4c88bf3f-e438-4fbf-b03d-7b92eda67e27"", ""opm"": null, ""d_bs"": ""1996-11-08"", ""fase"": ""BG"", ""naam"": ""Bouwverordening inzake aanbrengen van afschermingen en publiciteit, vellen of rooien van bomen, aanbrengen van schotelantennes en aanleg opritten."", ""d_ond"": ""2015-12-23"", ""aard_ond"": null, ""do_eigen"": ""bouwverordening Brasschaat"", ""prec_ond"": 1, ""algplanid"": ""BVO_11008_231_00001_00001"", ""fasedatum"": ""1996-08-26"", ""fichelink"": ""https://dsi.omgeving.vlaanderen.be/fiche-detail/f090d3b4-a2a8-43f3-9dc8-e85cc6611ac2"", ""ondergrond"": ""GRB"", ""dossiertype"": ""gemBVO"", ""geometrie_omtrek"": 28150.969210938405, ""herinterpretatie"": false, ""geometrie_oppervlakte"": 38577175.46612437}"
"Contouren ruimtelijke plannen",1,"0","1","{""id"": ""684ee85e-3dee-4f13-8705-303fc4bcace6"", ""opm"": ""de verordening is van toepassing op het grondgebied van het ganse gewest."", ""d_bs"": ""2023-06-21"", ""fase"": ""BG"", ""naam"": ""Gewestelijke stedenbouwkundige verordening inzake hemelwater "", ""d_ond"": ""1900-01-01"", ""aard_ond"": ""nvt"", ""do_eigen"": null, ""prec_ond"": 20, ""algplanid"": ""SVO_02000_233_00006_00001"", ""fasedatum"": ""2023-02-10"", ""fichelink"": ""https://dsi.omgeving.vlaanderen.be/fiche-detail/f91466b7-3ba6-45d4-a101-ccca7b1ebc58"", ""ondergrond"": ""ANDERE"", ""dossiertype"": ""gewSVO"", ""geometrie_omtrek"": 1103356.223933912, ""herinterpretatie"": false, ""geometrie_oppervlakte"": 13597097379.565582}"
"Contouren ruimtelijke plannen",1,"0","1","{""id"": ""e9600ced-6b8f-42c8-950f-49aa2340150e"", ""opm"": ""de verordening is van toepassing op het grondgebied van het ganse gewest."", ""d_bs"": ""2023-10-10"", ""fase"": ""BG"", ""naam"": ""Gewestelijke stedenbouwkundige verordening voor publiciteitsinrichtingen"", ""d_ond"": ""1900-01-01"", ""aard_ond"": ""nvt"", ""do_eigen"": """", ""prec_ond"": 20, ""algplanid"": ""SVO_02000_233_00007_00001"", ""fasedatum"": ""2023-05-12"", ""fichelink"": ""https://dsi.omgeving.vlaanderen.be/fiche-detail/8629599a-e3e6-48eb-82de-9ded6a3fd847"", ""ondergrond"": ""ANDERE"", ""dossiertype"": ""gewSVO"", ""geometrie_omtrek"": 1103356.223933912, ""herinterpretatie"": false, ""geometrie_oppervlakte"": 13597097379.565582}"
"Contouren ruimtelijke plannen",1,"0","1","{""id"": ""468edd80-b004-4d0b-8dca-b79e229f01cb"", ""opm"": """", ""d_bs"": ""2024-07-04"", ""fase"": ""DV"", ""naam"": ""Opheffing gemeentelijke hemelwaterverordening 2014"", ""d_ond"": ""2013-10-26"", ""aard_ond"": """", ""do_eigen"": ""Opheffing gemeentelijke hemelwaterverordening 2014"", ""prec_ond"": 1, ""algplanid"": ""SVO_11008_233_00001_00003"", ""fasedatum"": ""2024-04-29"", ""fichelink"": ""https://dsi.omgeving.vlaanderen.be/fiche-detail/22484a7a-a256-407a-a6b7-6e6886cad39f"", ""ondergrond"": ""GRB"", ""dossiertype"": ""gemSVO"", ""geometrie_omtrek"": 28150.969210938405, ""herinterpretatie"": false, ""geometrie_oppervlakte"": 38577175.46612437}"
"Contouren ruimtelijke plannen",1,"0","1","{""id"": ""2a40ee4a-3745-4d77-9636-f3e6862e99e7"", ""opm"": """", ""d_bs"": null, ""fase"": ""PV"", ""naam"": ""RUP Kernversterking wonen en detailhandel"", ""d_ond"": ""2021-01-01"", ""aard_ond"": """", ""do_eigen"": """", ""prec_ond"": 1, ""algplanid"": ""RUP_11008_214_00022_00001"", ""fasedatum"": ""2025-07-03"", ""fichelink"": ""https://dsi.omgeving.vlaanderen.be/fiche-detail/48075e7f-217c-4c87-b63a-0260fab4feec"", ""ondergrond"": ""GRB"", ""dossiertype"": ""gemRUP"", ""geometrie_omtrek"": 54055.5087155097, ""herinterpretatie"": false, ""geometrie_oppervlakte"": 10117176.89663396}"
"Contouren ruimtelijke plannen",1,"0","1","{""id"": ""0d1ec777-cfab-4b5f-8190-e20e40f92988"", ""opm"": null, ""d_bs"": ""2011-09-22"", ""fase"": ""BG"", ""naam"": ""RUP Verbod op meergezinswoningen"", ""d_ond"": ""2013-10-26"", ""aard_ond"": null, ""do_eigen"": ""RUP Verbod op meergezinswoningen"", ""prec_ond"": 1, ""algplanid"": ""RUP_11008_214_00013_00001"", ""fasedatum"": ""2011-07-28"", ""fichelink"": ""https://dsi.omgeving.vlaanderen.be/fiche-detail/a46d1fb3-c93f-422a-a2b0-87007b475a59"", ""ondergrond"": ""GRB"", ""dossiertype"": ""gemRUP"", ""geometrie_omtrek"": 176589.03429140846, ""herinterpretatie"": true, ""geometrie_oppervlakte"": 5056867.901655125}"
"Contouren ruimtelijke plannen",1,"0","1","{""id"": ""70fda43a-a612-4b88-a22f-cccd4484aaab"", ""opm"": null, ""d_bs"": ""2015-01-12"", ""fase"": ""BG"", ""naam"": ""Wijziging Gemeentelijke stedenbouwkundige verordening inzake lozingen en de verplichte aansluiting van de afvoer van huishoudelijk afvalwater op de openbare riool en de afkoppeling van hemelwater, plaatsen van individuele zuiveringsinstallaties"", ""d_ond"": ""2013-10-26"", ""aard_ond"": null, ""do_eigen"": ""Wijziging verordening inzake afvoer water"", ""prec_ond"": 1, ""algplanid"": ""SVO_11008_233_00001_00002"", ""fasedatum"": ""2014-09-25"", ""fichelink"": ""https://dsi.omgeving.vlaanderen.be/fiche-detail/7f99986a-9bde-432a-8fa0-79b09cb4c9ad"", ""ondergrond"": ""GRB"", ""dossiertype"": ""gemSVO"", ""geometrie_omtrek"": 28150.969210938405, ""herinterpretatie"": true, ""geometrie_oppervlakte"": 38577175.46612437}"
"Contouren ruimtelijke plannen",1,"0","1","{""id"": ""e421ba49-3df1-4fc5-bdd2-e9b2725782e2"", ""opm"": """", ""d_bs"": ""2025-12-01"", ""fase"": ""ADV"", ""naam"": ""Verordening lasten"", ""d_ond"": ""2013-10-26"", ""aard_ond"": """", ""do_eigen"": ""verordening lasten"", ""prec_ond"": 1, ""algplanid"": ""SVO_11008_233_00005_00001"", ""fasedatum"": ""2025-10-27"", ""fichelink"": ""https://dsi.omgeving.vlaanderen.be/fiche-detail/44bc8039-dd13-48c9-a628-6763254887d2"", ""ondergrond"": ""GRB"", ""dossiertype"": ""gemSVO"", ""geometrie_omtrek"": 28150.969210938405, ""herinterpretatie"": false, ""geometrie_oppervlakte"": 38577175.46612437}"
"Contouren ruimtelijke plannen",1,"0","1","{""id"": ""10c44589-1d11-4c7f-819b-49ef3b46a143"", ""opm"": ""de verordening is van toepassing op het grondgebied van het ganse gewest."", ""d_bs"": ""1997-05-07"", ""fase"": ""BG"", ""naam"": ""Algemene bouwverordening inzake wegen voor voetgangersverkeer"", ""d_ond"": ""1900-01-01"", ""aard_ond"": ""nvt"", ""do_eigen"": null, ""prec_ond"": 20, ""algplanid"": ""BVO_02000_231_00001_00001"", ""fasedatum"": ""1997-04-29"", ""fichelink"": ""https://dsi.omgeving.vlaanderen.be/fiche-detail/681cad40-f9bc-48ae-906c-831b18f8e366"", ""ondergrond"": ""ANDERE"", ""dossiertype"": ""gewBVO"", ""geometrie_omtrek"": 1103356.223933912, ""herinterpretatie"": false, ""geometrie_oppervlakte"": 13597097379.565557}"
"Contouren ruimtelijke plannen",1,"0","1","{""id"": ""cf7816e1-9e95-4dd0-8c08-80d67ffc1d53"", ""opm"": ""de verordening is van toepassing op het grondgebied van het ganse gewest."", ""d_bs"": ""2009-09-02"", ""fase"": ""BG"", ""naam"": ""Gewestelijke stedenbouwkundige verordening inzake toegankelijkheid"", ""d_ond"": ""1900-01-01"", ""aard_ond"": ""nvt"", ""do_eigen"": null, ""prec_ond"": 20, ""algplanid"": ""SVO_02000_233_00003_00001"", ""fasedatum"": ""2009-06-05"", ""fichelink"": ""https://dsi.omgeving.vlaanderen.be/fiche-detail/b01e664a-c9f9-4c29-8bf2-d5b433fd9f01"", ""ondergrond"": ""ANDERE"", ""dossiertype"": ""gewSVO"", ""geometrie_omtrek"": 1103356.223933912, ""herinterpretatie"": false, ""geometrie_oppervlakte"": 13597097379.565557}"
"Contouren ruimtelijke plannen",1,"0","1","{""id"": ""36c90a43-50a9-44f4-8d57-f6d2fdab0591"", ""opm"": """", ""d_bs"": ""1979-10-25"", ""fase"": ""BG"", ""naam"": ""origineel gewestplan Antwerpen"", ""d_ond"": ""1971-01-01"", ""aard_ond"": """", ""do_eigen"": ""GWP_02000_222_00014_00001"", ""prec_ond"": 10, ""algplanid"": ""GWP_02000_222_00014_00001"", ""fasedatum"": ""1979-10-03"", ""fichelink"": ""https://dsi.omgeving.vlaanderen.be/fiche-detail/928c63ce-abd1-42b3-85d0-49e729a4a5cd"", ""ondergrond"": ""TOPO"", ""dossiertype"": ""GWP"", ""geometrie_omtrek"": 638980.5119108005, ""herinterpretatie"": false, ""geometrie_oppervlakte"": 488743114.6360809}"
"Contouren ruimtelijke plannen",1,"0","1","{""id"": ""96671528-367c-415c-ae20-c9fb8834786f"", ""opm"": ""de verordening is van toepassing op het grondgebied van het ganse gewest."", ""d_bs"": ""2017-07-11"", ""fase"": ""BG"", ""naam"": ""Gewestelijke stedenbouwkundige verordening inzake breedband"", ""d_ond"": ""1900-01-01"", ""aard_ond"": ""nvt"", ""do_eigen"": null, ""prec_ond"": 20, ""algplanid"": ""SVO_02000_233_00005_00001"", ""fasedatum"": ""2017-06-09"", ""fichelink"": ""https://dsi.omgeving.vlaanderen.be/fiche-detail/d84cebac-a259-458b-9562-a212e87a3359"", ""ondergrond"": ""ANDERE"", ""dossiertype"": ""gewSVO"", ""geometrie_omtrek"": 1103356.223933912, ""herinterpretatie"": false, ""geometrie_oppervlakte"": 13597097379.565582}"
"Contouren ruimtelijke plannen",1,"0","1","{""id"": ""252f088f-f42d-46ae-b583-4f2904ad6dea"", ""opm"": """", ""d_bs"": null, ""fase"": ""ADV"", ""naam"": ""Deels opheffen bouwverordening inzake aanbrengen van afschermingen en publiciteit, vellen of rooien van bomen, aanbrengen van schotelantennes en aanleg opritten."", ""d_ond"": ""2013-10-26"", ""aard_ond"": """", ""do_eigen"": ""deels opheffen bouwverordening"", ""prec_ond"": 1, ""algplanid"": ""SVO_11008_233_00004_00001"", ""fasedatum"": ""2025-04-14"", ""fichelink"": ""https://dsi.omgeving.vlaanderen.be/fiche-detail/a6784dde-7043-424f-b25a-287410440376"", ""ondergrond"": ""GRB"", ""dossiertype"": ""gemSVO"", ""geometrie_omtrek"": 28150.969210938405, ""herinterpretatie"": false, ""geometrie_oppervlakte"": 38577175.46612437}"
"Ruimtelijke plannen – overdrukken",1,"0","1","{""id"": ""3f05fea7-5c5f-48e1-8c76-72100ff81de5"", ""opm"": """", ""d_bs"": ""2011-09-22"", ""dgnr"": """", ""fase"": ""BG"", ""naam"": ""RUP Verbod op meergezinswoningen"", ""svid"": ""RUP_11008_214_00013_00001_100"", ""svnr"": ""art. 1"", ""d_ond"": ""2013-10-26"", ""label"": """", ""svnaam"": ""(overdruk) verbod op meergezinswoningen"", ""legende"": ""rode arcering"", ""aard_ond"": """", ""prec_ond"": 1, ""svidlink"": ""https://download.dsi.omgeving.vlaanderen.be/be.vl.omg.dsi.stukonderdeel.RUP_11008_214_00013_00001.BG.1.Dossierstuk.SV.1_1#page=1"", ""algplanid"": ""RUP_11008_214_00013_00001"", ""categorie"": ""WON"", ""fasedatum"": ""2011-07-28"", ""fichelink"": ""https://dsi.omgeving.vlaanderen.be/fiche-detail/a46d1fb3-c93f-422a-a2b0-87007b475a59"", ""ondergrond"": ""GRB"", ""dossiertype"": ""gemRUP"", ""subcategorie"": ""WOO"", ""geometrie_omtrek"": 176589.13962593576, ""herinterpretatie"": true, ""geometrie_oppervlakte"": 5056806.437675114}"
"Ruimtelijke plannen – overdrukken",1,"0","1","{""id"": ""494b79cd-00ac-4e1d-9158-3fe97fa2d920"", ""opm"": """", ""d_bs"": ""2021-05-20"", ""dgnr"": """", ""fase"": ""GBS"", ""naam"": ""Gemeentelijk Ruimtelijk Uitvoeringsplan versnelde herziening RUP verbod op meergezinswonigen"", ""svid"": ""HOV_11008_229_00013_00002_100"", ""svnr"": ""art. 1"", ""d_ond"": ""2021-01-25"", ""label"": """", ""svnaam"": ""(overdruk) verbod op meergezinswoningen"", ""legende"": ""rode arcering"", ""aard_ond"": """", ""prec_ond"": 1, ""svidlink"": ""https://download.dsi.omgeving.vlaanderen.be/be.vl.omg.dsi.stukonderdeel.HOV_11008_229_00013_00002.GBS.1.Dossierstuk.SV.1_1#page=1"", ""algplanid"": ""HOV_11008_229_00013_00002"", ""categorie"": ""WON"", ""fasedatum"": ""2021-01-25"", ""fichelink"": ""https://dsi.omgeving.vlaanderen.be/fiche-detail/65427023-4e4f-43db-bd45-b044e146317f"", ""ondergrond"": ""GRB"", ""dossiertype"": ""HOV"", ""subcategorie"": ""WOO"", ""geometrie_omtrek"": 177370.5101592329, ""herinterpretatie"": false, ""geometrie_oppervlakte"": 4717536.91490515}"
"Ruimtelijke plannen – overdrukken",1,"0","1","{""id"": ""dc2b5329-4b39-4d6b-9742-d59b482941e7"", ""opm"": """", ""d_bs"": null, ""dgnr"": """", ""fase"": ""PV"", ""naam"": ""RUP Kernversterking wonen en detailhandel"", ""svid"": ""RUP_11008_214_00022_00001_006"", ""svnr"": ""Art.6"", ""d_ond"": ""2025-04-10"", ""label"": """", ""svnaam"": ""Te consolideren woonkern"", ""legende"": ""Art.6: Te consolideren woonkern"", ""aard_ond"": """", ""prec_ond"": 1, ""svidlink"": ""https://download.dsi.omgeving.vlaanderen.be/be.vl.omg.dsi.stukonderdeel.RUP_11008_214_00022_00001.PV.3.Dossierstuk.SV.1_1#page=33"", ""algplanid"": ""RUP_11008_214_00022_00001"", ""categorie"": ""WON"", ""fasedatum"": ""2025-07-03"", ""fichelink"": ""https://dsi.omgeving.vlaanderen.be/fiche-detail/48075e7f-217c-4c87-b63a-0260fab4feec"", ""ondergrond"": ""GRB"", ""dossiertype"": ""gemRUP"", ""subcategorie"": """", ""geometrie_omtrek"": 38534.80299398407, ""herinterpretatie"": false, ""geometrie_oppervlakte"": 6190917.8369515035}"
"Grondvlakken ruimtelijke plannen",1,"0","0.113","{""id"": ""1c03c7db-4d36-42ae-a646-aaabca5416f2"", ""opm"": """", ""d_bs"": ""1979-10-25"", ""dgnr"": ""14"", ""fase"": ""BG"", ""naam"": ""origineel gewestplan Antwerpen"", ""svid"": ""GWP_02000_222_00014_00001_14_0110"", ""svnr"": """", ""d_ond"": ""1971-01-01"", ""label"": """", ""svnaam"": ""gemengde woon- en industriegebieden"", ""legende"": ""0110"", ""aard_ond"": """", ""prec_ond"": 10, ""svidlink"": ""https://download.dsi.omgeving.vlaanderen.be/be.vl.omg.dsi.stukonderdeel.GWP_02000_222_00014_00001.BG.1.Dossierstuk.SV.1_1#page=190"", ""algplanid"": ""GWP_02000_222_00014_00001"", ""categorie"": ""WON"", ""fasedatum"": ""1979-10-03"", ""fichelink"": ""https://dsi.omgeving.vlaanderen.be/fiche-detail/928c63ce-abd1-42b3-85d0-49e729a4a5cd"", ""ondergrond"": ""TOPO"", ""dossiertype"": ""GWP"", ""subcategorie"": """", ""geometrie_omtrek"": 460.73047322895854, ""herinterpretatie"": false, ""geometrie_oppervlakte"": 13567.178769114473}"
"Grondvlakken ruimtelijke plannen",1,"0","0.887","{""id"": ""aeb272f3-75c8-410e-855a-78d3c90a5113"", ""opm"": """", ""d_bs"": ""1979-10-25"", ""dgnr"": ""14"", ""fase"": ""BG"", ""naam"": ""origineel gewestplan Antwerpen"", ""svid"": ""GWP_02000_222_00014_00001_00_0100"", ""svnr"": """", ""d_ond"": ""1971-01-01"", ""label"": """", ""svnaam"": ""woongebieden"", ""legende"": ""0100"", ""aard_ond"": """", ""prec_ond"": 10, ""svidlink"": ""https://download.dsi.omgeving.vlaanderen.be/be.vl.omg.dsi.stukonderdeel.GWP_02000_222_00014_00001.BG.1.Dossierstuk.SV.1_1#page=1"", ""algplanid"": ""GWP_02000_222_00014_00001"", ""categorie"": ""WON"", ""fasedatum"": ""1979-10-03"", ""fichelink"": ""https://dsi.omgeving.vlaanderen.be/fiche-detail/928c63ce-abd1-42b3-85d0-49e729a4a5cd"", ""ondergrond"": ""TOPO"", ""dossiertype"": ""GWP"", ""subcategorie"": """", ""geometrie_omtrek"": 25693.444126202645, ""herinterpretatie"": false, ""geometrie_oppervlakte"": 6427726.078031293}"
"Indicatieve punten ruimtelijke plannen",3,NULL,NULL,NULL
"Omgevingsvergunningen – Ingerichte inrichtingen",1,"29.928445400075613","0","{""id"": 295926, ""aanvrager"": ""Natuurlijk perso(o)n(en)"", ""exploitant"": ""Natuurlijk perso(o)n(en)"", ""klasse_iioa"": 2, ""project_link"": ""https://omgevingsloket.omgeving.vlaanderen.be?project=2020084599"", ""projectnummer"": ""2020084599"", ""voorwerp_uuid"": ""GVR7CRgTQMm59nkOKb9yag"", ""datum_indiening"": ""2020-07-28"", ""huidige_toestand"": ""Vergunning"", ""inrichtingsnummer"": ""20200626-0058"", ""project_type_code"": ""OMV2019_AANVRAAG"", ""vvo_huidige_toestand"": ""Brasschaat"", ""fase_huidige_toestand"": ""Eerste Aanleg"", ""datum_huidige_toestand"": ""2020-08-31"", ""omschrijving_projecttype"": ""Aanvraag omgevingsproject""}"
"Omgevingsvergunningen – Verkavelingen",3,NULL,NULL,NULL
"Omgevingsvergunningen – Vegetatiewijzigingen",3,NULL,NULL,NULL
"Omgevingsvergunningen – Kleinhandel",3,NULL,NULL,NULL
"PFAS",3,NULL,NULL,NULL
"Landbouwgebieden",3,NULL,NULL,NULL
"Gewestplan",1,"0","0.887","{""id"": ""aeb272f3-75c8-410e-855a-78d3c90a5113"", ""opm"": """", ""d_bs"": ""1979-10-25"", ""dgnr"": ""14"", ""fase"": ""BG"", ""naam"": ""origineel gewestplan Antwerpen"", ""svid"": ""GWP_02000_222_00014_00001_00_0100"", ""svnr"": """", ""d_ond"": ""1971-01-01"", ""label"": """", ""svnaam"": ""woongebieden"", ""legende"": ""0100"", ""aard_ond"": """", ""prec_ond"": 10, ""svidlink"": ""https://download.dsi.omgeving.vlaanderen.be/be.vl.omg.dsi.stukonderdeel.GWP_02000_222_00014_00001.BG.1.Dossierstuk.SV.1_1#page=1"", ""algplanid"": ""GWP_02000_222_00014_00001"", ""categorie"": ""WON"", ""fasedatum"": ""1979-10-03"", ""fichelink"": ""https://dsi.omgeving.vlaanderen.be/fiche-detail/928c63ce-abd1-42b3-85d0-49e729a4a5cd"", ""ondergrond"": ""TOPO"", ""dossiertype"": ""GWP"", ""subcategorie"": """", ""geometrie_omtrek"": 25693.444126202645, ""herinterpretatie"": false, ""geometrie_oppervlakte"": 6427726.078031293}"
"Gewestplan",1,"0","0.113","{""id"": ""1c03c7db-4d36-42ae-a646-aaabca5416f2"", ""opm"": """", ""d_bs"": ""1979-10-25"", ""dgnr"": ""14"", ""fase"": ""BG"", ""naam"": ""origineel gewestplan Antwerpen"", ""svid"": ""GWP_02000_222_00014_00001_14_0110"", ""svnr"": """", ""d_ond"": ""1971-01-01"", ""label"": """", ""svnaam"": ""gemengde woon- en industriegebieden"", ""legende"": ""0110"", ""aard_ond"": """", ""prec_ond"": 10, ""svidlink"": ""https://download.dsi.omgeving.vlaanderen.be/be.vl.omg.dsi.stukonderdeel.GWP_02000_222_00014_00001.BG.1.Dossierstuk.SV.1_1#page=190"", ""algplanid"": ""GWP_02000_222_00014_00001"", ""categorie"": ""WON"", ""fasedatum"": ""1979-10-03"", ""fichelink"": ""https://dsi.omgeving.vlaanderen.be/fiche-detail/928c63ce-abd1-42b3-85d0-49e729a4a5cd"", ""ondergrond"": ""TOPO"", ""dossiertype"": ""GWP"", ""subcategorie"": """", ""geometrie_omtrek"": 460.73047322895854, ""herinterpretatie"": false, ""geometrie_oppervlakte"": 13567.178769114473}"
"Advieskaart lucht",1,"0","1","{""contour"": 1}"
"MER-dossiers (Milieueffectrapportage)",1,"0","1","{""uri"": ""https://data.mer.omgeving.vlaanderen.be/id/plan_mer_pl/dossier/PL0147"", ""naam"": ""PL0147 - plan-MER ikv ex-ante evaluatie programma EFRO 2014-2020"", ""initiatiefnemer"": ""Agentschap Ondernemen""}"
"MER-dossiers (Milieueffectrapportage)",1,"0","1","{""uri"": ""https://data.mer.omgeving.vlaanderen.be/id/plan_mer_pl/dossier/PL0149"", ""naam"": ""PL0149 - Plan-MER ikv ex-ante evaluatie Interreg V-programma Grensregio Vlaanderen-Nederland 2014-2020"", ""initiatiefnemer"": ""Secretariaat Interreg Vlaanderen-Nederland""}"
"MER-dossiers (Milieueffectrapportage)",1,"0","1","{""uri"": ""https://data.mer.omgeving.vlaanderen.be/id/plan_mer_pl/dossier/PL0183"", ""naam"": ""PL0183 - Mestactieprogramma 2015-2018 (MAP 5)"", ""initiatiefnemer"": ""Vlaamse Landmaatschappij""}"
"MER-dossiers (Milieueffectrapportage)",1,"0","1","{""uri"": ""https://data.mer.omgeving.vlaanderen.be/id/plan_mer_pl/dossier/PL0297"", ""naam"": ""PL0297 - Strategisch Beleidsplan Kustvisie"", ""initiatiefnemer"": ""Departement Mobiliteit en Openbare Werken, afdeling Maritieme Toegang""}"
"MER-dossiers (Milieueffectrapportage)",1,"0","1","{""uri"": ""https://data.mer.omgeving.vlaanderen.be/id/plan_mer_pl/dossier/PL0263"", ""naam"": ""PL0263 - Beleidsplan Ruimte Provincie Antwerpen"", ""initiatiefnemer"": ""Provincie Antwerpen""}"
"MER-dossiers (Milieueffectrapportage)",1,"0","1","{""uri"": ""https://data.mer.omgeving.vlaanderen.be/id/plan_mer_pl/dossier/PL0152"", ""naam"": ""PL0152 - plan-MER in kader van ex-ante evaluatie van het 3de Programma voor Duurzame Plattelandsontwikkeling voor de periode 2014-2020"", ""initiatiefnemer"": ""Departement Landbouw en Visserij""}"
"MER-dossiers (Milieueffectrapportage)",1,"0","1","{""uri"": ""https://data.mer.omgeving.vlaanderen.be/id/plan_mer_pl/dossier/PL0059"", ""naam"": ""PL0059 - Nationaal Operationeel Plan voor de Belgische Visserijsector 2007‐2013"", ""initiatiefnemer"": ""Departement Landbouw en Visserij""}"
"MER-dossiers (Milieueffectrapportage)",1,"0","1","{""uri"": ""https://data.mer.omgeving.vlaanderen.be/id/plan_mer_pl/dossier/PL0278"", ""naam"": ""PL0278 - Strategisch Ruimteplan Antwerpen"", ""initiatiefnemer"": ""Provincie Antwerpen""}"
"MER-dossiers (Milieueffectrapportage)",1,"0","1","{""uri"": ""https://data.mer.omgeving.vlaanderen.be/id/plan_mer_pl/dossier/PL0075"", ""naam"": ""PL0075 - Stroomgebiedbeheerplan Schelde"", ""initiatiefnemer"": ""VMM""}"
"MER-dossiers (Milieueffectrapportage)",1,"0","1","{""uri"": ""https://data.mer.omgeving.vlaanderen.be/id/plan_mer_pl/dossier/PL0276"", ""naam"": ""PL0276 - Uitvoeringsplan huishoudelijk afval en gelijkaardig bedrijfsafval (2023-2028)"", ""initiatiefnemer"": ""OVAM""}"
"MER-dossiers (Milieueffectrapportage)",1,"0","1","{""uri"": ""https://data.mer.omgeving.vlaanderen.be/id/plan_mer_pl/dossier/PL0130"", ""naam"": ""PL0130 - Stroomgebiedbeheerplannen voor Schelde en Maas - 2e generatie"", ""initiatiefnemer"": ""Coördinatiecommissie Integraal Waterbeleid""}"
"MER-dossiers (Milieueffectrapportage)",1,"0","1","{""uri"": ""https://data.mer.omgeving.vlaanderen.be/id/plan_mer_pl/dossier/PL0153"", ""naam"": ""PL0153 - plan-MER in kader van ex-ante evaluatie van het Belgisch operationeel programma 2014-2020 in het kader van het Europees fonds voor maritieme zaken en visserij"", ""initiatiefnemer"": ""Departement Landbouw en Visserij""}"
"MER-dossiers (Milieueffectrapportage)",1,"0","1","{""uri"": ""https://data.mer.omgeving.vlaanderen.be/id/plan_mer_pl/dossier/PL0017"", ""naam"": ""PL0017 - Integraal spoor Operationeel Programma Doelstelling 2"", ""initiatiefnemer"": ""Administratie Economie""}"
"MER-dossiers (Milieueffectrapportage)",1,"0","1","{""uri"": ""https://data.mer.omgeving.vlaanderen.be/id/plan_mer_pl/dossier/PL0213"", ""naam"": ""PL0213 - Lokaal afval- en materialenplan, uitvoeringsplan voor huishoudelijk en vergelijkbaar bedrijfsafval 2016-2022"", ""initiatiefnemer"": ""OVAM""}"
"MER-dossiers (Milieueffectrapportage)",1,"0","1","{""uri"": ""https://data.mer.omgeving.vlaanderen.be/id/plan_mer_pl/dossier/PL0277"", ""naam"": ""PL0277 - Sectorale voorwaarden windturbines Vlarem II"", ""initiatiefnemer"": ""Departement Omgeving- Afdeling Beleidsontwikkeling en Juridische Ondersteuning""}"
"MER-dossiers (Milieueffectrapportage)",1,"0","1","{""uri"": ""https://data.mer.omgeving.vlaanderen.be/id/plan_mer_pl/dossier/PL0018"", ""naam"": ""PL0018 - Integraal spoor Vlaams Programma voor Plattelandsontwikkeling"", ""initiatiefnemer"": ""Departement Landbouw en Visserij""}"
"MER-dossiers (Milieueffectrapportage)",1,"0","1","{""uri"": ""https://data.mer.omgeving.vlaanderen.be/id/plan_mer_pl/dossier/PL0258"", ""naam"": ""PL0258 - Mestactieprogramma 2019-2022 (MAP6) in het kader van de Nitraatrichtlijn"", ""initiatiefnemer"": ""Vlaamse Landmaatschappij""}"
"MER-dossiers (Milieueffectrapportage)",1,"0","1","{""uri"": ""https://data.mer.omgeving.vlaanderen.be/id/plan_mer_pl/dossier/PL0256"", ""naam"": ""PL0256 - Watergevoelige open ruimtegebieden WORG"", ""initiatiefnemer"": ""Departement Omgeving""}"
"MER-dossiers (Milieueffectrapportage)",1,"0","1","{""uri"": ""https://data.mer.omgeving.vlaanderen.be/id/plan_mer_pl/dossier/PL0269"", ""naam"": ""PL0269 - Belgisch Programma in  kader van Europees Fonds voor Maritieme Zaken en Visserij (EFMZV) 2021-2027"", ""initiatiefnemer"": ""Departement Landbouw en Visserij""}"
"MER-dossiers (Milieueffectrapportage)",1,"0","1","{""uri"": ""https://data.mer.omgeving.vlaanderen.be/id/plan_mer_pl/dossier/PL0259"", ""naam"": ""PL0259 - Stroomgebiedbeheerplannen 2022-2027"", ""initiatiefnemer"": ""Coördinatiecommissie Integraal Waterbeleid""}"
"MER-dossiers (Milieueffectrapportage)",1,"0","1","{""uri"": ""https://data.mer.omgeving.vlaanderen.be/id/plan_mer_pl/dossier/PL0257"", ""naam"": ""PL0257 - Programmatische Aanpak Stikstof (PAS)"", ""initiatiefnemer"": ""Departement Omgeving""}"
"MER-dossiers (Milieueffectrapportage)",1,"0","1","{""uri"": ""https://data.mer.omgeving.vlaanderen.be/id/plan_mer_pl/dossier/PL0076"", ""naam"": ""PL0076 - Stroomgebiedbeheerplan Maas"", ""initiatiefnemer"": ""VMM""}"
"MER-dossiers (Milieueffectrapportage)",1,"0","1","{""uri"": ""https://data.mer.omgeving.vlaanderen.be/id/plan_mer_pl/dossier/PL0272"", ""naam"": ""PL0272 - Vlaams Gemeenschappelijk Landbouwbeleid 2023-2027"", ""initiatiefnemer"": ""Departement Landbouw en Visserij""}"
"MER-dossiers (Milieueffectrapportage)",1,"0","1","{""uri"": ""https://data.mer.omgeving.vlaanderen.be/id/plan_mer_pl/dossier/PL0167"", ""naam"": ""PL0167 - RUP A102-R11bis"", ""initiatiefnemer"": ""Agentschap Wegen en Verkeer Antwerpen""}"
"MER-dossiers (Milieueffectrapportage)",1,"0","1","{""uri"": ""https://data.mer.omgeving.vlaanderen.be/id/plan_mer_pl/dossier/PL0301"", ""naam"": ""PL0301 - Mestactieplan 7"", ""initiatiefnemer"": ""Vlaamse Landmaatschappij""}"
"Watertoets advieskaart",3,NULL,NULL,NULL
"Bouwkundig erfgoed",3,NULL,NULL,NULL
"Archeologische sites",3,NULL,NULL,NULL
"Vogelrichtlijngebieden",3,NULL,NULL,NULL
"Habitatrichtlijngebieden",3,NULL,NULL,NULL
"VEN – Vlaams Ecologisch Netwerk",3,NULL,NULL,NULL
"Ramsar wetlands",3,NULL,NULL,NULL
"Duinendecreet",3,NULL,NULL,NULL
"GRB wegsegmenten",3,NULL,NULL,NULL
"Woningbouwgebieden",1,"0","0.021","{""OIDN"": 223, ""UIDN"": 223, ""BDWBGB"": ""1998-04-07"", ""EDWBGB"": ""1900-01-01"", ""NISCODE"": ""11008"", ""SECCODE"": ""11008A21"", ""SECNAAM"": ""BETHANIE""}"
"Woningbouwgebieden",1,"0","0.979","{""OIDN"": 174, ""UIDN"": 174, ""BDWBGB"": ""1998-04-07"", ""EDWBGB"": ""1900-01-01"", ""NISCODE"": ""11008"", ""SECCODE"": ""11008A20"", ""SECNAAM"": ""DRIEHOEK""}"
"Seveso-risicobedrijven",3,NULL,NULL,NULL
"Maximum hoogte luchtvaart",1,"0","1","{""height"": 50.0}"
"Beschermde monumenten",3,NULL,NULL,NULL
"Beschermde stads- en dorpsgezichten",3,NULL,NULL,NULL
"Cultuurhistorische landschappen",3,NULL,NULL,NULL
"Herziening of Opheffing Verouderde inrichtingsvoorschriften (HOV)",3,NULL,NULL,NULL
"Gewestelijke stedenbouwkundige verordeningen",1,"0","1","{""id"": ""cf7816e1-9e95-4dd0-8c08-80d67ffc1d53"", ""opm"": ""de verordening is van toepassing op het grondgebied van het ganse gewest."", ""d_bs"": ""2009-09-02"", ""fase"": ""BG"", ""naam"": ""Gewestelijke stedenbouwkundige verordening inzake toegankelijkheid"", ""d_ond"": ""1900-01-01"", ""aard_ond"": ""nvt"", ""do_eigen"": null, ""prec_ond"": 20, ""algplanid"": ""SVO_02000_233_00003_00001"", ""fasedatum"": ""2009-06-05"", ""fichelink"": ""https://dsi.omgeving.vlaanderen.be/fiche-detail/b01e664a-c9f9-4c29-8bf2-d5b433fd9f01"", ""ondergrond"": ""ANDERE"", ""dossiertype"": ""gewSVO"", ""geometrie_omtrek"": 1103356.223933912, ""herinterpretatie"": false, ""geometrie_oppervlakte"": 13597097379.565557}"
"Gewestelijke stedenbouwkundige verordeningen",1,"0","1","{""id"": ""96671528-367c-415c-ae20-c9fb8834786f"", ""opm"": ""de verordening is van toepassing op het grondgebied van het ganse gewest."", ""d_bs"": ""2017-07-11"", ""fase"": ""BG"", ""naam"": ""Gewestelijke stedenbouwkundige verordening inzake breedband"", ""d_ond"": ""1900-01-01"", ""aard_ond"": ""nvt"", ""do_eigen"": null, ""prec_ond"": 20, ""algplanid"": ""SVO_02000_233_00005_00001"", ""fasedatum"": ""2017-06-09"", ""fichelink"": ""https://dsi.omgeving.vlaanderen.be/fiche-detail/d84cebac-a259-458b-9562-a212e87a3359"", ""ondergrond"": ""ANDERE"", ""dossiertype"": ""gewSVO"", ""geometrie_omtrek"": 1103356.223933912, ""herinterpretatie"": false, ""geometrie_oppervlakte"": 13597097379.565582}"
"Gewestelijke stedenbouwkundige verordeningen",1,"0","1","{""id"": ""684ee85e-3dee-4f13-8705-303fc4bcace6"", ""opm"": ""de verordening is van toepassing op het grondgebied van het ganse gewest."", ""d_bs"": ""2023-06-21"", ""fase"": ""BG"", ""naam"": ""Gewestelijke stedenbouwkundige verordening inzake hemelwater "", ""d_ond"": ""1900-01-01"", ""aard_ond"": ""nvt"", ""do_eigen"": null, ""prec_ond"": 20, ""algplanid"": ""SVO_02000_233_00006_00001"", ""fasedatum"": ""2023-02-10"", ""fichelink"": ""https://dsi.omgeving.vlaanderen.be/fiche-detail/f91466b7-3ba6-45d4-a101-ccca7b1ebc58"", ""ondergrond"": ""ANDERE"", ""dossiertype"": ""gewSVO"", ""geometrie_omtrek"": 1103356.223933912, ""herinterpretatie"": false, ""geometrie_oppervlakte"": 13597097379.565582}"
"Gewestelijke stedenbouwkundige verordeningen",1,"0","1","{""id"": ""e9600ced-6b8f-42c8-950f-49aa2340150e"", ""opm"": ""de verordening is van toepassing op het grondgebied van het ganse gewest."", ""d_bs"": ""2023-10-10"", ""fase"": ""BG"", ""naam"": ""Gewestelijke stedenbouwkundige verordening voor publiciteitsinrichtingen"", ""d_ond"": ""1900-01-01"", ""aard_ond"": ""nvt"", ""do_eigen"": """", ""prec_ond"": 20, ""algplanid"": ""SVO_02000_233_00007_00001"", ""fasedatum"": ""2023-05-12"", ""fichelink"": ""https://dsi.omgeving.vlaanderen.be/fiche-detail/8629599a-e3e6-48eb-82de-9ded6a3fd847"", ""ondergrond"": ""ANDERE"", ""dossiertype"": ""gewSVO"", ""geometrie_omtrek"": 1103356.223933912, ""herinterpretatie"": false, ""geometrie_oppervlakte"": 13597097379.565582}"
"Gewestelijke stedenbouwkundige verordeningen",1,"0","1","{""id"": ""4f48fc1a-fb5a-4dad-8d3c-d37750a6a6db"", ""opm"": ""de verordening is van toepassing op het grondgebied van het ganse gewest."", ""d_bs"": ""2005-08-10"", ""fase"": ""BG"", ""naam"": ""Gewestelijke stedenbouwkundige verordening inzake openluchtrecreatieve verblijven en de inrichting van gebieden voor dergelijke verblijven"", ""d_ond"": ""1900-01-01"", ""aard_ond"": ""nvt"", ""do_eigen"": null, ""prec_ond"": 20, ""algplanid"": ""SVO_02000_233_00002_00001"", ""fasedatum"": ""2005-07-08"", ""fichelink"": ""https://dsi.omgeving.vlaanderen.be/fiche-detail/962f3d60-2042-4335-a136-98a9d6da5e3b"", ""ondergrond"": ""ANDERE"", ""dossiertype"": ""gewSVO"", ""geometrie_omtrek"": 1103356.223933912, ""herinterpretatie"": false, ""geometrie_oppervlakte"": 13597097379.565557}"
"Gewestelijke stedenbouwkundige verordeningen",1,"0","1","{""id"": ""5dd770f0-4390-4702-a5c7-9b9497214be2"", ""opm"": ""de verordening is van toepassing op het grondgebied van het ganse gewest."", ""d_bs"": ""2013-10-08"", ""fase"": ""BG"", ""naam"": ""OPGEHEVEN: Gewestelijke stedenbouwkundige verordening inzake hemelwaterputten, infiltratievoorzieningen, buffervoorzieningen en gescheiden lozing van afvalwater en hemelwater"", ""d_ond"": ""1900-01-01"", ""aard_ond"": ""nvt"", ""do_eigen"": null, ""prec_ond"": 20, ""algplanid"": ""SVO_02000_233_00004_00001"", ""fasedatum"": ""2013-07-05"", ""fichelink"": ""https://dsi.omgeving.vlaanderen.be/fiche-detail/5bc7ca95-7d3f-4bf6-9e10-980050de8010"", ""ondergrond"": ""ANDERE"", ""dossiertype"": ""gewSVO"", ""geometrie_omtrek"": 1103356.223933912, ""herinterpretatie"": false, ""geometrie_oppervlakte"": 13597097379.565582}"
"Overgangszones bij beschermd onroerend erfgoed ",3,NULL,NULL,NULL
"Gemeentelijk RUP",3,NULL,NULL,NULL
"Openbare bossen & natuurdomeinen",3,NULL,NULL,NULL
"Erfgoedlandschappen",3,NULL,NULL,NULL
"Natuurrichtplannen",3,NULL,NULL,NULL
"Antropogene radonrisicozones",3,NULL,NULL,NULL
"Ruimtelijke plannen – indicatieve overdrukken",3,NULL,NULL,NULL
